{
	"format_version": "1.21.11",
	"credit": "Torod00",
	"textures": {
		"0": "item/diamond_neckless",
		"particle": "item/diamond_neckless"
	},
	"elements": [
		{
			"from": [6.5, 0, 7.25],
			"to": [9.5, 3, 8],
			"rotation": {"angle": 0, "axis": "y", "origin": [6.5, 0, 7]},
			"faces": {
				"north": {"uv": [0, 0, 3, 3], "texture": "#0"},
				"east": {"uv": [5, 8, 6, 11], "texture": "#0"},
				"south": {"uv": [0, 3, 3, 6], "texture": "#0"},
				"west": {"uv": [6, 8, 7, 11], "texture": "#0"},
				"up": {"uv": [11, 6, 8, 5], "texture": "#0"},
				"down": {"uv": [10, 8, 7, 9], "texture": "#0"}
			}
		},
		{
			"from": [5.75, 2.75, 7.5],
			"to": [6.75, 3.25, 8],
			"rotation": {"angle": -20, "axis": "z", "origin": [5.75, 2.75, 7.5]},
			"faces": {
				"north": {"uv": [4, 9, 5, 10], "texture": "#0"},
				"east": {"uv": [9, 9, 10, 10], "texture": "#0"},
				"south": {"uv": [10, 1, 11, 2], "texture": "#0"},
				"west": {"uv": [2, 10, 3, 11], "texture": "#0"},
				"up": {"uv": [11, 3, 10, 2], "texture": "#0"},
				"down": {"uv": [4, 10, 3, 11], "texture": "#0"}
			}
		},
		{
			"from": [4.93356, 4.50085, 7.5],
			"to": [5.93356, 5.00085, 8],
			"rotation": {"x": 0, "y": 0, "z": -80, "origin": [4.93356, 4.50085, 7.5]},
			"faces": {
				"north": {"uv": [10, 3, 11, 4], "texture": "#0"},
				"east": {"uv": [4, 10, 5, 11], "texture": "#0"},
				"south": {"uv": [10, 4, 11, 5], "texture": "#0"},
				"west": {"uv": [10, 6, 11, 7], "texture": "#0"},
				"up": {"uv": [8, 11, 7, 10], "texture": "#0"},
				"down": {"uv": [11, 7, 10, 8], "texture": "#0"}
			}
		},
		{
			"from": [1.416, 4.58768, 9],
			"to": [6.436, 5.08768, 9.5],
			"rotation": {"x": 0, "y": 90, "z": -90, "origin": [4.92597, 4.58768, 9]},
			"faces": {
				"north": {"uv": [3, 0, 8, 1], "texture": "#0"},
				"east": {"uv": [8, 10, 9, 11], "texture": "#0"},
				"south": {"uv": [3, 1, 8, 2], "texture": "#0"},
				"west": {"uv": [10, 8, 11, 9], "texture": "#0"},
				"up": {"uv": [8, 3, 3, 2], "texture": "#0"},
				"down": {"uv": [8, 3, 3, 4], "texture": "#0"}
			}
		},
		{
			"from": [5.10721, 3.51604, 7.5],
			"to": [6.10721, 4.01604, 8],
			"rotation": {"x": 0, "y": 0, "z": -50, "origin": [5.10721, 3.51604, 7.5]},
			"faces": {
				"north": {"uv": [9, 10, 10, 11], "texture": "#0"},
				"east": {"uv": [10, 9, 11, 10], "texture": "#0"},
				"south": {"uv": [10, 10, 11, 11], "texture": "#0"},
				"west": {"uv": [0, 11, 1, 12], "texture": "#0"},
				"up": {"uv": [2, 12, 1, 11], "texture": "#0"},
				"down": {"uv": [12, 1, 11, 2], "texture": "#0"}
			}
		},
		{
			"from": [5.07241, 4.23412, 11.99997],
			"to": [6.07241, 4.73412, 12.49997],
			"rotation": {"angle": -45, "axis": "z", "origin": [5.07241, 4.23412, 11.99997]},
			"faces": {
				"north": {"uv": [2, 11, 3, 12], "texture": "#0"},
				"east": {"uv": [11, 2, 12, 3], "texture": "#0"},
				"south": {"uv": [3, 11, 4, 12], "texture": "#0"},
				"west": {"uv": [11, 3, 12, 4], "texture": "#0"},
				"up": {"uv": [5, 12, 4, 11], "texture": "#0"},
				"down": {"uv": [12, 4, 11, 5], "texture": "#0"}
			}
		},
		{
			"from": [5.77952, 3.52702, 11.99997],
			"to": [10.40452, 4.02702, 12.49997],
			"rotation": {"angle": 0, "axis": "z", "origin": [5.77952, 3.52702, 11.99997]},
			"faces": {
				"north": {"uv": [3, 4, 8, 5], "texture": "#0"},
				"east": {"uv": [5, 11, 6, 12], "texture": "#0"},
				"south": {"uv": [3, 5, 8, 6], "texture": "#0"},
				"west": {"uv": [11, 5, 12, 6], "texture": "#0"},
				"up": {"uv": [5, 7, 0, 6], "texture": "#0"},
				"down": {"uv": [10, 6, 5, 7], "texture": "#0"}
			}
		},
		{
			"from": [9.5, 2.408, 7.5],
			"to": [10.5, 2.908, 8],
			"rotation": {"angle": 20, "axis": "z", "origin": [9.5, 2.408, 7.5]},
			"faces": {
				"north": {"uv": [6, 11, 7, 12], "texture": "#0"},
				"east": {"uv": [11, 6, 12, 7], "texture": "#0"},
				"south": {"uv": [7, 11, 8, 12], "texture": "#0"},
				"west": {"uv": [11, 7, 12, 8], "texture": "#0"},
				"up": {"uv": [9, 12, 8, 11], "texture": "#0"},
				"down": {"uv": [12, 8, 11, 9], "texture": "#0"}
			}
		},
		{
			"from": [10.71758, 1.9979, 7.5],
			"to": [11.71758, 2.4979, 8],
			"rotation": {"x": 0, "y": 0, "z": 50, "origin": [9.77217, 2.076, 7.5]},
			"faces": {
				"north": {"uv": [9, 11, 10, 12], "texture": "#0"},
				"east": {"uv": [11, 9, 12, 10], "texture": "#0"},
				"south": {"uv": [10, 11, 11, 12], "texture": "#0"},
				"west": {"uv": [11, 10, 12, 11], "texture": "#0"},
				"up": {"uv": [12, 12, 11, 11], "texture": "#0"},
				"down": {"uv": [1, 12, 0, 13], "texture": "#0"}
			}
		},
		{
			"from": [12.08476, 2.92497, 7.5],
			"to": [13.08476, 3.42497, 8],
			"rotation": {"x": 0, "y": 0, "z": 80, "origin": [11.2314, 2.62328, 7.5]},
			"faces": {
				"north": {"uv": [1, 12, 2, 13], "texture": "#0"},
				"east": {"uv": [12, 1, 13, 2], "texture": "#0"},
				"south": {"uv": [2, 12, 3, 13], "texture": "#0"},
				"west": {"uv": [12, 2, 13, 3], "texture": "#0"},
				"up": {"uv": [4, 13, 3, 12], "texture": "#0"},
				"down": {"uv": [13, 3, 12, 4], "texture": "#0"}
			}
		},
		{
			"from": [7.2538, 4.5877, 9.00003],
			"to": [12.2738, 5.0877, 9.50003],
			"rotation": {"x": 0, "y": 90, "z": -90, "origin": [10.76372, 4.5877, 9.00003]},
			"faces": {
				"north": {"uv": [0, 7, 5, 8], "texture": "#0"},
				"east": {"uv": [4, 12, 5, 13], "texture": "#0"},
				"south": {"uv": [5, 7, 10, 8], "texture": "#0"},
				"west": {"uv": [12, 4, 13, 5], "texture": "#0"},
				"up": {"uv": [5, 9, 0, 8], "texture": "#0"},
				"down": {"uv": [13, 0, 8, 1], "texture": "#0"}
			}
		},
		{
			"from": [10.41017, 3.52704, 12],
			"to": [11.41017, 4.02704, 12.5],
			"rotation": {"angle": 45, "axis": "z", "origin": [10.41017, 3.52704, 12]},
			"faces": {
				"north": {"uv": [5, 12, 6, 13], "texture": "#0"},
				"east": {"uv": [12, 5, 13, 6], "texture": "#0"},
				"south": {"uv": [6, 12, 7, 13], "texture": "#0"},
				"west": {"uv": [12, 6, 13, 7], "texture": "#0"},
				"up": {"uv": [8, 13, 7, 12], "texture": "#0"},
				"down": {"uv": [13, 7, 12, 8], "texture": "#0"}
			}
		},
		{
			"from": [7, 0.5, 7],
			"to": [9, 2.5, 7.75],
			"rotation": {"angle": 0, "axis": "y", "origin": [7, 0.5, 7]},
			"faces": {
				"north": {"uv": [8, 1, 10, 3], "texture": "#0"},
				"east": {"uv": [0, 9, 1, 11], "texture": "#0"},
				"south": {"uv": [8, 3, 10, 5], "texture": "#0"},
				"west": {"uv": [1, 9, 2, 11], "texture": "#0"},
				"up": {"uv": [4, 10, 2, 9], "texture": "#0"},
				"down": {"uv": [9, 9, 7, 10], "texture": "#0"}
			}
		}
	],
	"display": {
		"thirdperson_righthand": {
			"rotation": [67, 0, 0],
			"translation": [0, 1.5, 5]
		},
		"thirdperson_lefthand": {
			"rotation": [67, 0, 0],
			"translation": [0, 1.5, 5]
		},
		"firstperson_righthand": {
			"rotation": [-34, 110, 0],
			"translation": [1.25, 8.75, 0]
		},
		"firstperson_lefthand": {
			"rotation": [-34, 110, 0],
			"translation": [1.25, 8.75, 0]
		},
		"ground": {
			"translation": [0, 5.25, 0]
		},
		"gui": {
			"rotation": [17, -144, 0],
			"translation": [2.25, 8, 0],
			"scale": [1.83, 1.83, 1.83]
		},
		"head": {
			"translation": [0, -1, -3.25],
			"scale": [1.58, 1.58, 1.58]
		},
		"fixed": {
			"translation": [0, 24, 0],
			"scale": [4, 4, 4]
		}
	}
}