{
	"format_version": "1.21.11",
	"credit": "Torod00",
	"texture_size": [32, 32],
	"textures": {
		"0": "item/netherite_neckless",
		"particle": "item/netherite_neckless"
	},
	"elements": [
		{
			"from": [5.75, 2.75, 7.5],
			"to": [6.75, 3.25, 8],
			"rotation": {"angle": -20, "axis": "z", "origin": [5.75, 2.75, 7.5]},
			"faces": {
				"north": {"uv": [4, 6.5, 4.5, 7], "texture": "#0"},
				"east": {"uv": [4.5, 6.5, 5, 7], "texture": "#0"},
				"south": {"uv": [5, 6.5, 5.5, 7], "texture": "#0"},
				"west": {"uv": [5.5, 6.5, 6, 7], "texture": "#0"},
				"up": {"uv": [6.5, 7, 6, 6.5], "texture": "#0"},
				"down": {"uv": [7, 6, 6.5, 6.5], "texture": "#0"}
			}
		},
		{
			"from": [4.93356, 4.50085, 7.5],
			"to": [5.93356, 5.00085, 8],
			"rotation": {"x": 0, "y": 0, "z": -80, "origin": [4.93356, 4.50085, 7.5]},
			"faces": {
				"north": {"uv": [6.5, 6.5, 7, 7], "texture": "#0"},
				"east": {"uv": [1.5, 7, 2, 7.5], "texture": "#0"},
				"south": {"uv": [2, 7, 2.5, 7.5], "texture": "#0"},
				"west": {"uv": [2.5, 7, 3, 7.5], "texture": "#0"},
				"up": {"uv": [3.5, 7.5, 3, 7], "texture": "#0"},
				"down": {"uv": [4, 7, 3.5, 7.5], "texture": "#0"}
			}
		},
		{
			"from": [1.416, 4.58768, 9],
			"to": [6.436, 5.08768, 9.5],
			"rotation": {"x": 0, "y": 90, "z": -90, "origin": [4.92597, 4.58768, 9]},
			"faces": {
				"north": {"uv": [1.5, 6, 4, 6.5], "texture": "#0"},
				"east": {"uv": [4, 7, 4.5, 7.5], "texture": "#0"},
				"south": {"uv": [6, 1.5, 8.5, 2], "texture": "#0"},
				"west": {"uv": [4.5, 7, 5, 7.5], "texture": "#0"},
				"up": {"uv": [8.5, 2.5, 6, 2], "texture": "#0"},
				"down": {"uv": [8.5, 2.5, 6, 3], "texture": "#0"}
			}
		},
		{
			"from": [5.10721, 3.51604, 7.5],
			"to": [6.10721, 4.01604, 8],
			"rotation": {"x": 0, "y": 0, "z": -50, "origin": [5.10721, 3.51604, 7.5]},
			"faces": {
				"north": {"uv": [5, 7, 5.5, 7.5], "texture": "#0"},
				"east": {"uv": [5.5, 7, 6, 7.5], "texture": "#0"},
				"south": {"uv": [6, 7, 6.5, 7.5], "texture": "#0"},
				"west": {"uv": [7, 6, 7.5, 6.5], "texture": "#0"},
				"up": {"uv": [7, 7.5, 6.5, 7], "texture": "#0"},
				"down": {"uv": [7.5, 6.5, 7, 7], "texture": "#0"}
			}
		},
		{
			"from": [5.07241, 4.23412, 11.99997],
			"to": [6.07241, 4.73412, 12.49997],
			"rotation": {"angle": -45, "axis": "z", "origin": [5.07241, 4.23412, 11.99997]},
			"faces": {
				"north": {"uv": [7, 7, 7.5, 7.5], "texture": "#0"},
				"east": {"uv": [0, 7.5, 0.5, 8], "texture": "#0"},
				"south": {"uv": [7.5, 0, 8, 0.5], "texture": "#0"},
				"west": {"uv": [0.5, 7.5, 1, 8], "texture": "#0"},
				"up": {"uv": [8, 1, 7.5, 0.5], "texture": "#0"},
				"down": {"uv": [1.5, 7.5, 1, 8], "texture": "#0"}
			}
		},
		{
			"from": [5.77952, 3.52702, 11.99997],
			"to": [10.40452, 4.02702, 12.49997],
			"rotation": {"angle": 0, "axis": "y", "origin": [5.77952, 3.52702, 11.99997]},
			"faces": {
				"north": {"uv": [6, 3, 8.5, 3.5], "texture": "#0"},
				"east": {"uv": [7.5, 1, 8, 1.5], "texture": "#0"},
				"south": {"uv": [6, 3.5, 8.5, 4], "texture": "#0"},
				"west": {"uv": [1.5, 7.5, 2, 8], "texture": "#0"},
				"up": {"uv": [6.5, 6.5, 4, 6], "texture": "#0"},
				"down": {"uv": [8.5, 4, 6, 4.5], "texture": "#0"}
			}
		},
		{
			"from": [9.5, 2.408, 7.5],
			"to": [10.5, 2.908, 8],
			"rotation": {"angle": 20, "axis": "z", "origin": [9.5, 2.408, 7.5]},
			"faces": {
				"north": {"uv": [2, 7.5, 2.5, 8], "texture": "#0"},
				"east": {"uv": [2.5, 7.5, 3, 8], "texture": "#0"},
				"south": {"uv": [3, 7.5, 3.5, 8], "texture": "#0"},
				"west": {"uv": [3.5, 7.5, 4, 8], "texture": "#0"},
				"up": {"uv": [4.5, 8, 4, 7.5], "texture": "#0"},
				"down": {"uv": [5, 7.5, 4.5, 8], "texture": "#0"}
			}
		},
		{
			"from": [10.71758, 1.9979, 7.5],
			"to": [11.71758, 2.4979, 8],
			"rotation": {"x": 0, "y": 0, "z": 50, "origin": [9.77217, 2.076, 7.5]},
			"faces": {
				"north": {"uv": [5, 7.5, 5.5, 8], "texture": "#0"},
				"east": {"uv": [5.5, 7.5, 6, 8], "texture": "#0"},
				"south": {"uv": [6, 7.5, 6.5, 8], "texture": "#0"},
				"west": {"uv": [7.5, 6, 8, 6.5], "texture": "#0"},
				"up": {"uv": [7, 8, 6.5, 7.5], "texture": "#0"},
				"down": {"uv": [8, 6.5, 7.5, 7], "texture": "#0"}
			}
		},
		{
			"from": [12.08476, 2.92497, 7.5],
			"to": [13.08476, 3.42497, 8],
			"rotation": {"x": 0, "y": 0, "z": 80, "origin": [11.2314, 2.62328, 7.5]},
			"faces": {
				"north": {"uv": [7, 7.5, 7.5, 8], "texture": "#0"},
				"east": {"uv": [7.5, 7, 8, 7.5], "texture": "#0"},
				"south": {"uv": [7.5, 7.5, 8, 8], "texture": "#0"},
				"west": {"uv": [0, 8, 0.5, 8.5], "texture": "#0"},
				"up": {"uv": [8.5, 0.5, 8, 0], "texture": "#0"},
				"down": {"uv": [1, 8, 0.5, 8.5], "texture": "#0"}
			}
		},
		{
			"from": [7.2538, 4.5877, 9.00003],
			"to": [12.2738, 5.0877, 9.50003],
			"rotation": {"x": 0, "y": 90, "z": -90, "origin": [10.76372, 4.5877, 9.00003]},
			"faces": {
				"north": {"uv": [6, 4.5, 8.5, 5], "texture": "#0"},
				"east": {"uv": [8, 0.5, 8.5, 1], "texture": "#0"},
				"south": {"uv": [6, 5, 8.5, 5.5], "texture": "#0"},
				"west": {"uv": [1, 8, 1.5, 8.5], "texture": "#0"},
				"up": {"uv": [8.5, 6, 6, 5.5], "texture": "#0"},
				"down": {"uv": [4, 6.5, 1.5, 7], "texture": "#0"}
			}
		},
		{
			"from": [10.41017, 3.52704, 12],
			"to": [11.41017, 4.02704, 12.5],
			"rotation": {"angle": 45, "axis": "z", "origin": [10.41017, 3.52704, 12]},
			"faces": {
				"north": {"uv": [8, 1, 8.5, 1.5], "texture": "#0"},
				"east": {"uv": [1.5, 8, 2, 8.5], "texture": "#0"},
				"south": {"uv": [2, 8, 2.5, 8.5], "texture": "#0"},
				"west": {"uv": [2.5, 8, 3, 8.5], "texture": "#0"},
				"up": {"uv": [3.5, 8.5, 3, 8], "texture": "#0"},
				"down": {"uv": [4, 8, 3.5, 8.5], "texture": "#0"}
			}
		},
		{
			"from": [6.25, 0, 6.25],
			"to": [9.25, 3, 9.25],
			"rotation": {"angle": 45, "axis": "y", "origin": [7.25, 1, 7.25]},
			"faces": {
				"north": {"uv": [1.5, 3, 3, 4.5], "texture": "#0"},
				"east": {"uv": [3, 1.5, 4.5, 3], "texture": "#0"},
				"south": {"uv": [3, 3, 4.5, 4.5], "texture": "#0"},
				"west": {"uv": [0, 4.5, 1.5, 6], "texture": "#0"},
				"up": {"uv": [6, 1.5, 4.5, 0], "texture": "#0"},
				"down": {"uv": [3, 4.5, 1.5, 6], "texture": "#0"}
			}
		},
		{
			"from": [6.5, 0.5, 5.5],
			"to": [9.5, 3.5, 8.5],
			"rotation": {"angle": 45, "axis": "x", "origin": [7.5, 1.5, 6.5]},
			"faces": {
				"north": {"uv": [4.5, 1.5, 6, 3], "texture": "#0"},
				"east": {"uv": [3, 4.5, 4.5, 6], "texture": "#0"},
				"south": {"uv": [4.5, 3, 6, 4.5], "texture": "#0"},
				"west": {"uv": [4.5, 4.5, 6, 6], "texture": "#0"},
				"up": {"uv": [1.5, 7.5, 0, 6], "texture": "#0"},
				"down": {"uv": [7.5, 0, 6, 1.5], "texture": "#0"}
			}
		},
		{
			"from": [7, -0.25, 5.75],
			"to": [10, 2.75, 8.75],
			"rotation": {"angle": 45, "axis": "z", "origin": [8, 0.75, 6.75]},
			"faces": {
				"north": {"uv": [0, 0, 1.5, 1.5], "texture": "#0"},
				"east": {"uv": [0, 1.5, 1.5, 3], "texture": "#0"},
				"south": {"uv": [1.5, 0, 3, 1.5], "texture": "#0"},
				"west": {"uv": [1.5, 1.5, 3, 3], "texture": "#0"},
				"up": {"uv": [1.5, 4.5, 0, 3], "texture": "#0"},
				"down": {"uv": [4.5, 0, 3, 1.5], "texture": "#0"}
			}
		}
	],
	"display": {
		"thirdperson_righthand": {
			"rotation": [67, 0, 0],
			"translation": [0, 1.5, 5]
		},
		"thirdperson_lefthand": {
			"rotation": [67, 0, 0],
			"translation": [0, 1.5, 5]
		},
		"firstperson_righthand": {
			"rotation": [-34, 110, 0],
			"translation": [1.25, 8.75, 0]
		},
		"firstperson_lefthand": {
			"rotation": [-34, 110, 0],
			"translation": [1.25, 8.75, 0]
		},
		"ground": {
			"translation": [0, 5.25, 0]
		},
		"gui": {
			"rotation": [17, -144, 0],
			"translation": [2.25, 8, 0],
			"scale": [1.83, 1.83, 1.83]
		},
		"head": {
			"translation": [0, -1, -3.25],
			"scale": [1.58, 1.58, 1.58]
		},
		"fixed": {
			"translation": [0, 24, 0],
			"scale": [4, 4, 4]
		}
	}
}