{
	"format_version": "1.21.6",
	"credit": "Torod00",
	"texture_size": [32, 32],
	"textures": {
		"0": "item/protector_ninja",
		"particle": "item/protector_ninja"
	},
	"elements": [
		{
			"from": [3.49, 5, 3.49],
			"to": [12.51, 7, 4],
			"rotation": {"angle": 0, "axis": "y", "origin": [3.49, 5, 3.49]},
			"faces": {
				"north": {"uv": [0, 0, 4.5, 1], "texture": "#0"},
				"east": {"uv": [7.5, 5, 8, 6], "texture": "#0"},
				"south": {"uv": [0, 1, 4.5, 2], "texture": "#0"},
				"west": {"uv": [7, 7.5, 7.5, 8.5], "texture": "#0"},
				"up": {"uv": [9, 4, 4.5, 3.5], "texture": "#0"},
				"down": {"uv": [6.5, 5, 2, 5.5], "texture": "#0"}
			}
		},
		{
			"from": [3.49, 5, 12],
			"to": [12.51, 7, 12.51],
			"rotation": {"angle": 0, "axis": "y", "origin": [3.5, 5, 12]},
			"faces": {
				"north": {"uv": [0, 2, 4.5, 3], "texture": "#0"},
				"east": {"uv": [7.5, 7.5, 8, 8.5], "texture": "#0"},
				"south": {"uv": [0, 3, 4.5, 4], "texture": "#0"},
				"west": {"uv": [8, 4, 8.5, 5], "texture": "#0"},
				"up": {"uv": [6.5, 6, 2, 5.5], "texture": "#0"},
				"down": {"uv": [6.5, 6, 2, 6.5], "texture": "#0"}
			}
		},
		{
			"from": [3.49, 5, 4],
			"to": [4, 7, 12],
			"rotation": {"angle": 0, "axis": "y", "origin": [3.49, 5, 13]},
			"faces": {
				"north": {"uv": [8, 5, 8.5, 6], "texture": "#0"},
				"east": {"uv": [0, 4, 4, 5], "texture": "#0"},
				"south": {"uv": [6.5, 8, 7, 9], "texture": "#0"},
				"west": {"uv": [4, 4, 8, 5], "texture": "#0"},
				"up": {"uv": [0.5, 10.5, 0, 6.5], "texture": "#0"},
				"down": {"uv": [1, 6.5, 0.5, 10.5], "texture": "#0"}
			}
		},
		{
			"from": [12, 5, 4],
			"to": [12.51, 7, 12],
			"rotation": {"angle": 0, "axis": "y", "origin": [12, 5, 13]},
			"faces": {
				"north": {"uv": [8, 7.5, 8.5, 8.5], "texture": "#0"},
				"east": {"uv": [4.5, 0, 8.5, 1], "texture": "#0"},
				"south": {"uv": [8.5, 0, 9, 1], "texture": "#0"},
				"west": {"uv": [4.5, 1, 8.5, 2], "texture": "#0"},
				"up": {"uv": [1.5, 10.5, 1, 6.5], "texture": "#0"},
				"down": {"uv": [2, 6.5, 1.5, 10.5], "texture": "#0"}
			}
		},
		{
			"from": [7.875, 5.875, 3.25],
			"to": [8, 6, 4],
			"rotation": {"angle": 0, "axis": "z", "origin": [15.5, 5.75, 3.25]},
			"faces": {
				"north": {"uv": [9, 0, 9.5, 0.5], "texture": "#0"},
				"east": {"uv": [9, 0.5, 9.5, 1], "texture": "#0"},
				"south": {"uv": [9, 1, 9.5, 1.5], "texture": "#0"},
				"west": {"uv": [9, 1.5, 9.5, 2], "texture": "#0"},
				"up": {"uv": [2.5, 9.5, 2, 9], "texture": "#0"},
				"down": {"uv": [9.5, 2, 9, 2.5], "texture": "#0"}
			}
		},
		{
			"from": [6.875, 6.5, 3.26],
			"to": [7.25, 6.625, 4.009],
			"rotation": {"angle": -45, "axis": "z", "origin": [7.25, 6.5, 3.25]},
			"faces": {
				"north": {"uv": [2.5, 9, 3, 9.5], "texture": "#0"},
				"east": {"uv": [9, 2.5, 9.5, 3], "texture": "#0"},
				"south": {"uv": [3, 9, 3.5, 9.5], "texture": "#0"},
				"west": {"uv": [9, 3, 9.5, 3.5], "texture": "#0"},
				"up": {"uv": [4, 9.5, 3.5, 9], "texture": "#0"},
				"down": {"uv": [9.5, 3.5, 9, 4], "texture": "#0"}
			}
		},
		{
			"from": [6.875, 6.5, 3.26],
			"to": [7.25, 6.625, 4.009],
			"rotation": {"angle": -45, "axis": "z", "origin": [6.875, 6.5, 3.25]},
			"faces": {
				"north": {"uv": [4, 9, 4.5, 9.5], "texture": "#0"},
				"east": {"uv": [4.5, 9, 5, 9.5], "texture": "#0"},
				"south": {"uv": [5, 9, 5.5, 9.5], "texture": "#0"},
				"west": {"uv": [5.5, 9, 6, 9.5], "texture": "#0"},
				"up": {"uv": [9.5, 6.5, 9, 6], "texture": "#0"},
				"down": {"uv": [7, 9, 6.5, 9.5], "texture": "#0"}
			}
		},
		{
			"from": [7.625, 6, 3.25],
			"to": [8, 6.125, 4],
			"rotation": {"angle": 0, "axis": "y", "origin": [15.25, 6, 3.25]},
			"faces": {
				"north": {"uv": [9, 6.5, 9.5, 7], "texture": "#0"},
				"east": {"uv": [9, 7, 9.5, 7.5], "texture": "#0"},
				"south": {"uv": [9, 7.5, 9.5, 8], "texture": "#0"},
				"west": {"uv": [8.5, 9, 9, 9.5], "texture": "#0"},
				"up": {"uv": [9.5, 9.5, 9, 9], "texture": "#0"},
				"down": {"uv": [10, 0, 9.5, 0.5], "texture": "#0"}
			}
		},
		{
			"from": [7.75, 5.625, 3.25],
			"to": [8.125, 5.75, 4],
			"rotation": {"angle": 0, "axis": "y", "origin": [15.25, 5.5, 3.25]},
			"faces": {
				"north": {"uv": [9.5, 0.5, 10, 1], "texture": "#0"},
				"east": {"uv": [9.5, 1, 10, 1.5], "texture": "#0"},
				"south": {"uv": [9.5, 1.5, 10, 2], "texture": "#0"},
				"west": {"uv": [2, 9.5, 2.5, 10], "texture": "#0"},
				"up": {"uv": [10, 2.5, 9.5, 2], "texture": "#0"},
				"down": {"uv": [3, 9.5, 2.5, 10], "texture": "#0"}
			}
		},
		{
			"from": [7.375, 6.25, 3.25],
			"to": [8.125, 6.375, 4],
			"rotation": {"angle": 0, "axis": "z", "origin": [15, 6.25, 3.25]},
			"faces": {
				"north": {"uv": [9.5, 2.5, 10, 3], "texture": "#0"},
				"east": {"uv": [3, 9.5, 3.5, 10], "texture": "#0"},
				"south": {"uv": [9.5, 3, 10, 3.5], "texture": "#0"},
				"west": {"uv": [3.5, 9.5, 4, 10], "texture": "#0"},
				"up": {"uv": [10, 4, 9.5, 3.5], "texture": "#0"},
				"down": {"uv": [4.5, 9.5, 4, 10], "texture": "#0"}
			}
		},
		{
			"from": [7.5, 5.375, 3.25],
			"to": [8.5, 5.5, 4],
			"rotation": {"angle": 0, "axis": "y", "origin": [15, 5.25, 3.25]},
			"faces": {
				"north": {"uv": [9.5, 4, 10, 4.5], "texture": "#0"},
				"east": {"uv": [4.5, 9.5, 5, 10], "texture": "#0"},
				"south": {"uv": [9.5, 4.5, 10, 5], "texture": "#0"},
				"west": {"uv": [5, 9.5, 5.5, 10], "texture": "#0"},
				"up": {"uv": [10, 5.5, 9.5, 5], "texture": "#0"},
				"down": {"uv": [6, 9.5, 5.5, 10], "texture": "#0"}
			}
		},
		{
			"from": [7.125, 6.625, 3.25],
			"to": [8.5, 6.75, 4],
			"rotation": {"angle": 0, "axis": "y", "origin": [14.75, 6.5, 3.25]},
			"faces": {
				"north": {"uv": [9.5, 5.5, 10, 6], "texture": "#0"},
				"east": {"uv": [6, 9.5, 6.5, 10], "texture": "#0"},
				"south": {"uv": [9.5, 6, 10, 6.5], "texture": "#0"},
				"west": {"uv": [6.5, 9.5, 7, 10], "texture": "#0"},
				"up": {"uv": [10, 7, 9.5, 6.5], "texture": "#0"},
				"down": {"uv": [7.5, 9.5, 7, 10], "texture": "#0"}
			}
		},
		{
			"from": [7.25, 6.5, 3.25],
			"to": [8.375, 6.625, 4],
			"rotation": {"angle": 0, "axis": "y", "origin": [14.75, 6.5, 3.25]},
			"faces": {
				"north": {"uv": [9.5, 7, 10, 7.5], "texture": "#0"},
				"east": {"uv": [7.5, 9.5, 8, 10], "texture": "#0"},
				"south": {"uv": [9.5, 7.5, 10, 8], "texture": "#0"},
				"west": {"uv": [8, 9.5, 8.5, 10], "texture": "#0"},
				"up": {"uv": [10, 8.5, 9.5, 8], "texture": "#0"},
				"down": {"uv": [9, 9.5, 8.5, 10], "texture": "#0"}
			}
		},
		{
			"from": [7.625, 5.625, 3.25],
			"to": [7.75, 6, 4],
			"rotation": {"angle": 0, "axis": "z", "origin": [7.875, 5.625, 3.25]},
			"faces": {
				"north": {"uv": [9.5, 8.5, 10, 9], "texture": "#0"},
				"east": {"uv": [9, 9.5, 9.5, 10], "texture": "#0"},
				"south": {"uv": [9.5, 9, 10, 9.5], "texture": "#0"},
				"west": {"uv": [9.5, 9.5, 10, 10], "texture": "#0"},
				"up": {"uv": [10.5, 0.5, 10, 0], "texture": "#0"},
				"down": {"uv": [10.5, 0.5, 10, 1], "texture": "#0"}
			}
		},
		{
			"from": [8.125, 5.625, 3.25],
			"to": [8.25, 6.375, 4],
			"rotation": {"angle": 0, "axis": "z", "origin": [8.375, 5.5, 3.25]},
			"faces": {
				"north": {"uv": [10, 1, 10.5, 1.5], "texture": "#0"},
				"east": {"uv": [10, 1.5, 10.5, 2], "texture": "#0"},
				"south": {"uv": [2, 10, 2.5, 10.5], "texture": "#0"},
				"west": {"uv": [10, 2, 10.5, 2.5], "texture": "#0"},
				"up": {"uv": [3, 10.5, 2.5, 10], "texture": "#0"},
				"down": {"uv": [10.5, 2.5, 10, 3], "texture": "#0"}
			}
		},
		{
			"from": [7.375, 5.375, 3.25],
			"to": [7.5, 6.25, 4],
			"rotation": {"angle": 0, "axis": "y", "origin": [7.625, 5.25, 3.25]},
			"faces": {
				"north": {"uv": [3, 10, 3.5, 10.5], "texture": "#0"},
				"east": {"uv": [10, 3, 10.5, 3.5], "texture": "#0"},
				"south": {"uv": [3.5, 10, 4, 10.5], "texture": "#0"},
				"west": {"uv": [10, 3.5, 10.5, 4], "texture": "#0"},
				"up": {"uv": [4.5, 10.5, 4, 10], "texture": "#0"},
				"down": {"uv": [10.5, 4, 10, 4.5], "texture": "#0"}
			}
		},
		{
			"from": [5.75, 4.75, 3.25],
			"to": [7.375, 6.375, 4],
			"rotation": {"angle": 0, "axis": "y", "origin": [5.75, 5.25, 3.25]},
			"faces": {
				"north": {"uv": [2, 6.5, 3, 7.5], "texture": "#0"},
				"east": {"uv": [8.5, 1, 9, 2], "texture": "#0"},
				"south": {"uv": [6.5, 2, 7.5, 3], "texture": "#0"},
				"west": {"uv": [8.5, 2.5, 9, 3.5], "texture": "#0"},
				"up": {"uv": [8.5, 3, 7.5, 2.5], "texture": "#0"},
				"down": {"uv": [5, 8.5, 4, 9], "texture": "#0"}
			}
		},
		{
			"from": [8.375, 5.5, 3.25],
			"to": [8.5, 6.625, 4],
			"rotation": {"angle": 0, "axis": "y", "origin": [8.5, 5.5, 3.25]},
			"faces": {
				"north": {"uv": [4.5, 10, 5, 10.5], "texture": "#0"},
				"east": {"uv": [10, 4.5, 10.5, 5], "texture": "#0"},
				"south": {"uv": [5, 10, 5.5, 10.5], "texture": "#0"},
				"west": {"uv": [10, 5, 10.5, 5.5], "texture": "#0"},
				"up": {"uv": [6, 10.5, 5.5, 10], "texture": "#0"},
				"down": {"uv": [10.5, 5.5, 10, 6], "texture": "#0"}
			}
		},
		{
			"from": [8.5, 5.375, 3.25],
			"to": [9, 5.5, 4],
			"rotation": {"angle": 0, "axis": "z", "origin": [9, 5.5, 3.25]},
			"faces": {
				"north": {"uv": [6, 10, 6.5, 10.5], "texture": "#0"},
				"east": {"uv": [10, 6, 10.5, 6.5], "texture": "#0"},
				"south": {"uv": [6.5, 10, 7, 10.5], "texture": "#0"},
				"west": {"uv": [10, 6.5, 10.5, 7], "texture": "#0"},
				"up": {"uv": [7.5, 10.5, 7, 10], "texture": "#0"},
				"down": {"uv": [10.5, 7, 10, 7.5], "texture": "#0"}
			}
		},
		{
			"from": [8.32322, 5.72855, 3.26],
			"to": [9.19822, 6.22855, 4.009],
			"rotation": {"angle": -45, "axis": "z", "origin": [8.82322, 5.85355, 3.25]},
			"faces": {
				"north": {"uv": [7.5, 10, 8, 10.5], "texture": "#0"},
				"east": {"uv": [10, 7.5, 10.5, 8], "texture": "#0"},
				"south": {"uv": [8, 10, 8.5, 10.5], "texture": "#0"},
				"west": {"uv": [10, 8, 10.5, 8.5], "texture": "#0"},
				"up": {"uv": [9, 10.5, 8.5, 10], "texture": "#0"},
				"down": {"uv": [10.5, 8.5, 10, 9], "texture": "#0"}
			}
		},
		{
			"from": [5.75, 6.375, 3.25],
			"to": [7, 7.5, 4],
			"rotation": {"angle": 0, "axis": "y", "origin": [5.25, 6.5, 3.25]},
			"faces": {
				"north": {"uv": [9, 10, 9.5, 10.5], "texture": "#0"},
				"east": {"uv": [10, 9, 10.5, 9.5], "texture": "#0"},
				"south": {"uv": [9.5, 10, 10, 10.5], "texture": "#0"},
				"west": {"uv": [10, 9.5, 10.5, 10], "texture": "#0"},
				"up": {"uv": [10.5, 10.5, 10, 10], "texture": "#0"},
				"down": {"uv": [0.5, 10.5, 0, 11], "texture": "#0"}
			}
		},
		{
			"from": [7, 6.75, 3.25],
			"to": [9, 7.5, 4],
			"rotation": {"angle": 0, "axis": "y", "origin": [6.5, 6.25, 3.25]},
			"faces": {
				"north": {"uv": [8.5, 4, 9.5, 4.5], "texture": "#0"},
				"east": {"uv": [10.5, 0, 11, 0.5], "texture": "#0"},
				"south": {"uv": [8.5, 4.5, 9.5, 5], "texture": "#0"},
				"west": {"uv": [0.5, 10.5, 1, 11], "texture": "#0"},
				"up": {"uv": [9.5, 5.5, 8.5, 5], "texture": "#0"},
				"down": {"uv": [9.5, 5.5, 8.5, 6], "texture": "#0"}
			}
		},
		{
			"from": [7.375, 4.75, 3.25],
			"to": [10, 5.375, 4],
			"rotation": {"angle": 0, "axis": "y", "origin": [6.5, 4.25, 3.25]},
			"faces": {
				"north": {"uv": [7, 6, 8.5, 6.5], "texture": "#0"},
				"east": {"uv": [10.5, 0.5, 11, 1], "texture": "#0"},
				"south": {"uv": [7, 6.5, 8.5, 7], "texture": "#0"},
				"west": {"uv": [1, 10.5, 1.5, 11], "texture": "#0"},
				"up": {"uv": [8.5, 7.5, 7, 7], "texture": "#0"},
				"down": {"uv": [9, 2, 7.5, 2.5], "texture": "#0"}
			}
		},
		{
			"from": [9, 5.375, 3.25],
			"to": [10, 7.5, 4],
			"rotation": {"angle": 0, "axis": "y", "origin": [6.5, 4.75, 3.25]},
			"faces": {
				"north": {"uv": [6, 8.5, 6.5, 9.5], "texture": "#0"},
				"east": {"uv": [8.5, 6, 9, 7], "texture": "#0"},
				"south": {"uv": [7, 8.5, 7.5, 9.5], "texture": "#0"},
				"west": {"uv": [8.5, 7, 9, 8], "texture": "#0"},
				"up": {"uv": [11, 1.5, 10.5, 1], "texture": "#0"},
				"down": {"uv": [2, 10.5, 1.5, 11], "texture": "#0"}
			}
		},
		{
			"from": [8.5, 6.125, 3.25],
			"to": [9, 6.75, 4],
			"rotation": {"angle": 0, "axis": "y", "origin": [6, 5.5, 3.25]},
			"faces": {
				"north": {"uv": [10.5, 1.5, 11, 2], "texture": "#0"},
				"east": {"uv": [2, 10.5, 2.5, 11], "texture": "#0"},
				"south": {"uv": [10.5, 2, 11, 2.5], "texture": "#0"},
				"west": {"uv": [2.5, 10.5, 3, 11], "texture": "#0"},
				"up": {"uv": [11, 3, 10.5, 2.5], "texture": "#0"},
				"down": {"uv": [3.5, 10.5, 3, 11], "texture": "#0"}
			}
		},
		{
			"from": [6.25, 5, 3.375],
			"to": [9.25, 7, 4],
			"rotation": {"angle": 0, "axis": "y", "origin": [6.25, 5, 3.25]},
			"faces": {
				"north": {"uv": [4.5, 2, 6.5, 3.5], "texture": "#0"},
				"east": {"uv": [4, 7, 4.5, 8.5], "texture": "#0"},
				"south": {"uv": [0, 5, 2, 6.5], "texture": "#0"},
				"west": {"uv": [4.5, 7, 5, 8.5], "texture": "#0"},
				"up": {"uv": [5, 7, 3, 6.5], "texture": "#0"},
				"down": {"uv": [8.5, 3, 6.5, 3.5], "texture": "#0"}
			}
		},
		{
			"from": [7, 5.75, 12.25],
			"to": [9, 7.25, 13],
			"rotation": {"angle": 0, "axis": "y", "origin": [7, 5.75, 12.25]},
			"faces": {
				"north": {"uv": [5, 6.5, 6, 7.5], "texture": "#0"},
				"east": {"uv": [7.5, 8.5, 8, 9.5], "texture": "#0"},
				"south": {"uv": [6.5, 5, 7.5, 6], "texture": "#0"},
				"west": {"uv": [8, 8.5, 8.5, 9.5], "texture": "#0"},
				"up": {"uv": [9.5, 8.5, 8.5, 8], "texture": "#0"},
				"down": {"uv": [9.5, 8.5, 8.5, 9], "texture": "#0"}
			}
		},
		{
			"from": [9.51768, 2.32612, 12.75],
			"to": [10.51768, 6.32612, 13.25],
			"rotation": {"angle": 22.5, "axis": "z", "origin": [9.63268, 2.32612, 12.75]},
			"faces": {
				"north": {"uv": [6, 6.5, 6.5, 8.5], "texture": "#0"},
				"east": {"uv": [6.5, 6, 7, 8], "texture": "#0"},
				"south": {"uv": [3, 7, 3.5, 9], "texture": "#0"},
				"west": {"uv": [3.5, 7, 4, 9], "texture": "#0"},
				"up": {"uv": [11, 3.5, 10.5, 3], "texture": "#0"},
				"down": {"uv": [4, 10.5, 3.5, 11], "texture": "#0"}
			}
		},
		{
			"from": [5.87594, 3.59819, 12.75],
			"to": [6.87594, 6.59819, 13.25],
			"rotation": {"angle": -22.5, "axis": "z", "origin": [5.87594, 3.47319, 12.75]},
			"faces": {
				"north": {"uv": [2, 7.5, 2.5, 9], "texture": "#0"},
				"east": {"uv": [2.5, 7.5, 3, 9], "texture": "#0"},
				"south": {"uv": [5, 7.5, 5.5, 9], "texture": "#0"},
				"west": {"uv": [5.5, 7.5, 6, 9], "texture": "#0"},
				"up": {"uv": [11, 4, 10.5, 3.5], "texture": "#0"},
				"down": {"uv": [4.5, 10.5, 4, 11], "texture": "#0"}
			}
		}
	],
	"display": {
		"thirdperson_righthand": {
			"rotation": [90, -90, 0],
			"translation": [0, -2, 9.5],
			"scale": [0.5, 0.5, 0.5]
		},
		"thirdperson_lefthand": {
			"rotation": [90, -90, 0],
			"translation": [0, -2, 9.5],
			"scale": [0.5, 0.5, 0.5]
		},
		"firstperson_righthand": {
			"rotation": [-43, 117, 3],
			"translation": [3.25, 3.25, -0.5]
		},
		"firstperson_lefthand": {
			"rotation": [-43, 117, 3],
			"translation": [3.25, 3.25, -0.5]
		},
		"ground": {
			"rotation": [-90, 0, 0],
			"translation": [0, 6.5, 3.25],
			"scale": [0.94, 0.94, 0.94]
		},
		"gui": {
			"rotation": [21, 152, 0],
			"translation": [0, 1.25, 0],
			"scale": [1.25, 1.25, 1.25]
		},
		"head": {
			"translation": [0, 6.375, 0],
			"scale": [1.6, 1.6, 1.6]
		},
		"fixed": {
			"rotation": [-90, 0, 0],
			"translation": [0, 0, -7.25],
			"scale": [2.34, 2.34, 2.34]
		},
		"on_shelf": {
			"rotation": [0, -180, 0]
		}
	}
}