{
	"format_version": "1.21.6",
	"credit": "Torod00",
	"texture_size": [64, 64],
	"textures": {
		"0": "item/top_hat",
		"particle": "item/top_hat"
	},
	"elements": [
		{
			"from": [3, 8, 3],
			"to": [13, 9, 13],
			"rotation": {"angle": 0, "axis": "y", "origin": [7, 8, 7]},
			"faces": {
				"north": {"uv": [6.5, 3, 9, 3.25], "texture": "#0"},
				"east": {"uv": [6.5, 3.25, 9, 3.5], "texture": "#0"},
				"south": {"uv": [6.5, 3.5, 9, 3.75], "texture": "#0"},
				"west": {"uv": [6.5, 3.75, 9, 4], "texture": "#0"},
				"up": {"uv": [2.5, 2.5, 0, 0], "texture": "#0"},
				"down": {"uv": [2.5, 2.5, 0, 5], "texture": "#0"}
			}
		},
		{
			"from": [2.99, 7.22463, 0.83776],
			"to": [13.01, 8.24463, 2.85776],
			"rotation": {"angle": 22.5, "axis": "x", "origin": [7, 7.23463, 4.84776]},
			"faces": {
				"north": {"uv": [6.5, 4, 9, 4.25], "texture": "#0"},
				"east": {"uv": [2, 5, 2.5, 5.25], "texture": "#0"},
				"south": {"uv": [6.5, 4.25, 9, 4.5], "texture": "#0"},
				"west": {"uv": [2, 5.25, 2.5, 5.5], "texture": "#0"},
				"up": {"uv": [4.5, 6.5, 2, 6], "texture": "#0"},
				"down": {"uv": [9, 0, 6.5, 0.5], "texture": "#0"}
			}
		},
		{
			"from": [2.99, 9.52073, 12.68552],
			"to": [13.01, 10.54073, 14.70552],
			"rotation": {"angle": -22.5, "axis": "x", "origin": [7, 9.53073, 16.69552]},
			"faces": {
				"north": {"uv": [6.5, 4.5, 9, 4.75], "texture": "#0"},
				"east": {"uv": [2, 5.5, 2.5, 5.75], "texture": "#0"},
				"south": {"uv": [6.5, 4.75, 9, 5], "texture": "#0"},
				"west": {"uv": [2, 5.75, 2.5, 6], "texture": "#0"},
				"up": {"uv": [9, 1, 6.5, 0.5], "texture": "#0"},
				"down": {"uv": [9, 1, 6.5, 1.5], "texture": "#0"}
			}
		},
		{
			"from": [3.75, 8.75, 3.75],
			"to": [12.25, 11.25, 12.25],
			"rotation": {"angle": 0, "axis": "y", "origin": [4, 9, 4]},
			"faces": {
				"north": {"uv": [6.5, 1.5, 8.5, 2], "texture": "#0"},
				"east": {"uv": [2, 6.5, 4, 7], "texture": "#0"},
				"south": {"uv": [6.5, 2, 8.5, 2.5], "texture": "#0"},
				"west": {"uv": [6.5, 2.5, 8.5, 3], "texture": "#0"},
				"up": {"uv": [4.5, 2, 2.5, 0], "texture": "#0"},
				"down": {"uv": [4.5, 2, 2.5, 4], "texture": "#0"}
			}
		},
		{
			"from": [4.0016, 11.42965, 3.1015],
			"to": [12.0016, 18.42965, 3.8015],
			"rotation": {"angle": -5, "axis": "x", "origin": [7.29149, 21.61864, 5.85416]},
			"faces": {
				"north": {"uv": [4.5, 2, 6.5, 3.75], "texture": "#0"},
				"east": {"uv": [4.5, 3.75, 6.5, 5.5], "texture": "#0"},
				"south": {"uv": [0, 5, 2, 6.75], "texture": "#0"},
				"west": {"uv": [4.5, 5.5, 6.5, 7.25], "texture": "#0"},
				"up": {"uv": [4.5, 6, 2.5, 4], "texture": "#0"},
				"down": {"uv": [6.5, 0, 4.5, 2], "texture": "#0"}
			}
		},
		{
			"from": [4.0016, 10.40413, 12.15065],
			"to": [12.0016, 17.40413, 12.85065],
			"rotation": {"angle": 5, "axis": "x", "origin": [7.19306, 20.55789, 21.86607]},
			"faces": {
				"north": {"uv": [4.5, 2, 6.5, 3.75], "texture": "#0"},
				"east": {"uv": [4.5, 3.75, 6.5, 5.5], "texture": "#0"},
				"south": {"uv": [0, 5, 2, 6.75], "texture": "#0"},
				"west": {"uv": [4.5, 5.5, 6.5, 7.25], "texture": "#0"},
				"up": {"uv": [4.5, 6, 2.5, 4], "texture": "#0"},
				"down": {"uv": [6.5, 0, 4.5, 2], "texture": "#0"}
			}
		},
		{
			"from": [12.1575, 10.33341, 4],
			"to": [12.8575, 17.33341, 12],
			"rotation": {"angle": -5, "axis": "z", "origin": [22.58016, 20.58341, 14.58271]},
			"faces": {
				"north": {"uv": [4.5, 3.75, 6.5, 5.5], "texture": "#0"},
				"east": {"uv": [0, 5, 2, 6.75], "texture": "#0"},
				"south": {"uv": [4.5, 5.5, 6.5, 7.25], "texture": "#0"},
				"west": {"uv": [4.5, 2, 6.5, 3.75], "texture": "#0"},
				"up": {"uv": [4.5, 6, 2.5, 4], "rotation": 270, "texture": "#0"},
				"down": {"uv": [6.5, 0, 4.5, 2], "rotation": 90, "texture": "#0"}
			}
		},
		{
			"from": [3.1, 11.5, 4],
			"to": [3.8, 18.5, 12],
			"rotation": {"angle": 5, "axis": "z", "origin": [6.55986, 21.68899, 14.58271]},
			"faces": {
				"north": {"uv": [4.5, 3.75, 6.5, 5.5], "texture": "#0"},
				"east": {"uv": [0, 5, 2, 6.75], "texture": "#0"},
				"south": {"uv": [4.5, 5.5, 6.5, 7.25], "texture": "#0"},
				"west": {"uv": [4.5, 2, 6.5, 3.75], "texture": "#0"},
				"up": {"uv": [4.5, 6, 2.5, 4], "rotation": 270, "texture": "#0"},
				"down": {"uv": [6.5, 0, 4.5, 2], "rotation": 90, "texture": "#0"}
			}
		},
		{
			"from": [4, 17.26288, 4],
			"to": [12, 18.26288, 12],
			"rotation": {"angle": 0, "axis": "z", "origin": [14.26144, 29.36288, 14.08271]},
			"faces": {
				"north": {"uv": [4.5, 3.75, 6.5, 5.5], "texture": "#0"},
				"east": {"uv": [0, 5, 2, 6.75], "texture": "#0"},
				"south": {"uv": [4.5, 5.5, 6.5, 7.25], "texture": "#0"},
				"west": {"uv": [4.5, 2, 6.5, 3.75], "texture": "#0"},
				"up": {"uv": [4.5, 6, 2.5, 4], "rotation": 270, "texture": "#0"},
				"down": {"uv": [6.5, 0, 4.5, 2], "rotation": 90, "texture": "#0"}
			}
		}
	],
	"gui_light": "front",
	"display": {
		"thirdperson_righthand": {
			"rotation": [-21, 90, 0]
		},
		"thirdperson_lefthand": {
			"rotation": [-21, 90, 0]
		},
		"firstperson_righthand": {
			"rotation": [0, 90, 0]
		},
		"firstperson_lefthand": {
			"rotation": [0, 90, 0]
		},
		"gui": {
			"rotation": [27, 59.25, 0],
			"translation": [0, -4.5, 0],
			"scale": [0.92, 0.92, 0.92]
		},
		"head": {
			"rotation": [0, 90, 0],
			"translation": [0, 5.75, 0],
			"scale": [1.6, 1.6, 1.6]
		},
		"fixed": {
			"rotation": [-90, 90, 0],
			"scale": [2, 2, 2]
		},
		"on_shelf": {
			"rotation": [0, 90, 0],
			"translation": [0, 0, -3.75]
		}
	}
}