{
	"format_version": "1.21.6",
	"credit": "Torod00",
	"texture_size": [64, 64],
	"textures": {
		"0": "item/torod_wand",
		"particle": "item/torod_wand"
	},
	"elements": [
		{
			"from": [7, -16, 7],
			"to": [9, -8, 9],
			"rotation": {"angle": 5, "axis": "z", "origin": [7, -16, 7]},
			"faces": {
				"north": {"uv": [0.75, 1.75, 1.25, 3.75], "texture": "#0"},
				"east": {"uv": [1.25, 1.75, 1.75, 3.75], "texture": "#0"},
				"south": {"uv": [1.75, 1.75, 2.25, 3.75], "texture": "#0"},
				"west": {"uv": [2.25, 0, 2.75, 2], "texture": "#0"},
				"up": {"uv": [7.75, 1.75, 7.25, 1.25], "texture": "#0"},
				"down": {"uv": [7.75, 3, 7.25, 3.5], "texture": "#0"}
			}
		},
		{
			"from": [6.30275, -8.03044, 7],
			"to": [8.31275, -0.03044, 9.01],
			"rotation": {"angle": 0, "axis": "y", "origin": [6.30275, -8.03044, 7]},
			"faces": {
				"north": {"uv": [2.25, 2, 2.75, 4], "texture": "#0"},
				"east": {"uv": [2.75, 0, 3.25, 2], "texture": "#0"},
				"south": {"uv": [2.75, 2, 3.25, 4], "texture": "#0"},
				"west": {"uv": [3.25, 0, 3.75, 2], "texture": "#0"},
				"up": {"uv": [7.75, 4, 7.25, 3.5], "texture": "#0"},
				"down": {"uv": [4.5, 7.25, 4, 7.75], "texture": "#0"}
			}
		},
		{
			"from": [6.30275, -0.03044, 7],
			"to": [8.30275, 7.96956, 9],
			"rotation": {"angle": -5, "axis": "z", "origin": [6.30275, -0.03044, 7]},
			"faces": {
				"north": {"uv": [3.25, 2, 3.75, 4], "texture": "#0"},
				"east": {"uv": [0, 3.5, 0.5, 5.5], "texture": "#0"},
				"south": {"uv": [3.75, 0, 4.25, 2], "texture": "#0"},
				"west": {"uv": [0.5, 3.75, 1, 5.75], "texture": "#0"},
				"up": {"uv": [7.75, 7.5, 7.25, 7], "texture": "#0"},
				"down": {"uv": [2.5, 7.5, 2, 8], "texture": "#0"}
			}
		},
		{
			"from": [7, 7.93912, 7],
			"to": [9.01, 15.93912, 9.01],
			"rotation": {"angle": -20, "axis": "z", "origin": [7, 7.93912, 7]},
			"faces": {
				"north": {"uv": [1, 3.75, 1.5, 5.75], "texture": "#0"},
				"east": {"uv": [1.5, 3.75, 2, 5.75], "texture": "#0"},
				"south": {"uv": [3.75, 2, 4.25, 4], "texture": "#0"},
				"west": {"uv": [2, 4, 2.5, 6], "texture": "#0"},
				"up": {"uv": [3, 8, 2.5, 7.5], "texture": "#0"},
				"down": {"uv": [3.5, 7.5, 3, 8], "texture": "#0"}
			}
		},
		{
			"from": [7.25, -3.56088, 7.5],
			"to": [8.25, -0.56088, 8.5],
			"rotation": {"angle": -40, "axis": "z", "origin": [7.25, -3.56088, 7.5]},
			"faces": {
				"north": {"uv": [5, 7.5, 5.25, 8.25], "texture": "#0"},
				"east": {"uv": [7.75, 2.5, 8, 3.25], "texture": "#0"},
				"south": {"uv": [7.75, 3.25, 8, 4], "texture": "#0"},
				"west": {"uv": [4, 7.75, 4.25, 8.5], "texture": "#0"},
				"up": {"uv": [0.75, 3.75, 0.5, 3.5], "texture": "#0"},
				"down": {"uv": [2.25, 3.75, 2, 4], "texture": "#0"}
			}
		},
		{
			"from": [6.5, -5.81088, 7.5],
			"to": [7.5, -2.81088, 8.5],
			"rotation": {"angle": 40, "axis": "z", "origin": [6.5, -5.81088, 7.5]},
			"faces": {
				"north": {"uv": [4.25, 7.75, 4.5, 8.5], "texture": "#0"},
				"east": {"uv": [5.25, 7.75, 5.5, 8.5], "texture": "#0"},
				"south": {"uv": [5.5, 7.75, 5.75, 8.5], "texture": "#0"},
				"west": {"uv": [5.75, 7.75, 6, 8.5], "texture": "#0"},
				"up": {"uv": [5.5, 6.75, 5.25, 6.5], "texture": "#0"},
				"down": {"uv": [6.5, 6.75, 6.25, 7], "texture": "#0"}
			}
		},
		{
			"from": [6.75, -8.56088, 8],
			"to": [7.75, -5.56088, 9],
			"rotation": {"angle": 40, "axis": "x", "origin": [6.75, -8.56088, 8]},
			"faces": {
				"north": {"uv": [6, 7.75, 6.25, 8.5], "texture": "#0"},
				"east": {"uv": [7.75, 7, 8, 7.75], "texture": "#0"},
				"south": {"uv": [7.75, 7.75, 8, 8.5], "texture": "#0"},
				"west": {"uv": [2, 8, 2.25, 8.75], "texture": "#0"},
				"up": {"uv": [7.25, 1.5, 7, 1.25], "texture": "#0"},
				"down": {"uv": [4.75, 7.25, 4.5, 7.5], "texture": "#0"}
			}
		},
		{
			"from": [15, 20.43912, 8],
			"to": [16, 22.43912, 9],
			"rotation": {"angle": 40, "axis": "x", "origin": [15, 20.43912, 8]},
			"faces": {
				"north": {"uv": [3.75, 8, 4, 8.5], "texture": "#0"},
				"east": {"uv": [8, 4, 8.25, 4.5], "texture": "#0"},
				"south": {"uv": [4.5, 8, 4.75, 8.5], "texture": "#0"},
				"west": {"uv": [8, 4.5, 8.25, 5], "texture": "#0"},
				"up": {"uv": [8.25, 5.75, 8, 5.5], "texture": "#0"},
				"down": {"uv": [8.25, 5.75, 8, 6], "texture": "#0"}
			}
		},
		{
			"from": [7, 29.93912, 5.25],
			"to": [8, 30.93912, 7.25],
			"rotation": {"angle": 40, "axis": "x", "origin": [7, 29.93912, 7.25]},
			"faces": {
				"north": {"uv": [8, 6, 8.25, 6.25], "texture": "#0"},
				"east": {"uv": [0, 5.5, 0.5, 5.75], "texture": "#0"},
				"south": {"uv": [6.25, 8, 6.5, 8.25], "texture": "#0"},
				"west": {"uv": [7.25, 1.75, 7.75, 2], "texture": "#0"},
				"up": {"uv": [5, 8.5, 4.75, 8], "texture": "#0"},
				"down": {"uv": [8.25, 5, 8, 5.5], "texture": "#0"}
			}
		},
		{
			"from": [8.25, 8.43912, 7],
			"to": [9.25, 11.43912, 8],
			"rotation": {"angle": -30, "axis": "x", "origin": [8.25, 8.43912, 7]},
			"faces": {
				"north": {"uv": [2.25, 8, 2.5, 8.75], "texture": "#0"},
				"east": {"uv": [2.5, 8, 2.75, 8.75], "texture": "#0"},
				"south": {"uv": [8, 2.5, 8.25, 3.25], "texture": "#0"},
				"west": {"uv": [2.75, 8, 3, 8.75], "texture": "#0"},
				"up": {"uv": [8.25, 6.5, 8, 6.25], "texture": "#0"},
				"down": {"uv": [6.75, 8, 6.5, 8.25], "texture": "#0"}
			}
		},
		{
			"from": [14.75, 27.18912, 7.5],
			"to": [15.75, 30.18912, 8.5],
			"rotation": {"angle": -30, "axis": "z", "origin": [14.75, 27.18912, 7.5]},
			"faces": {
				"north": {"uv": [3, 8, 3.25, 8.75], "texture": "#0"},
				"east": {"uv": [3.25, 8, 3.5, 8.75], "texture": "#0"},
				"south": {"uv": [8, 3.25, 8.25, 4], "texture": "#0"},
				"west": {"uv": [3.5, 8, 3.75, 8.75], "texture": "#0"},
				"up": {"uv": [8.25, 6.75, 8, 6.5], "texture": "#0"},
				"down": {"uv": [7, 8, 6.75, 8.25], "texture": "#0"}
			}
		},
		{
			"from": [9.73616, 15.45666, 7],
			"to": [11.73616, 23.45666, 9],
			"rotation": {"angle": -40, "axis": "z", "origin": [9.73616, 15.45666, 7]},
			"faces": {
				"north": {"uv": [2.5, 4, 3, 6], "texture": "#0"},
				"east": {"uv": [3, 4, 3.5, 6], "texture": "#0"},
				"south": {"uv": [3.5, 4, 4, 6], "texture": "#0"},
				"west": {"uv": [4, 4, 4.5, 6], "texture": "#0"},
				"up": {"uv": [4, 8, 3.5, 7.5], "texture": "#0"},
				"down": {"uv": [8, 4, 7.5, 4.5], "texture": "#0"}
			}
		},
		{
			"from": [14.41055, 20.29944, 7],
			"to": [16.42055, 28.29944, 9.01],
			"rotation": {"angle": 0, "axis": "y", "origin": [14.41055, 20.29944, 7]},
			"faces": {
				"north": {"uv": [4.25, 0, 4.75, 2], "texture": "#0"},
				"east": {"uv": [4.25, 2, 4.75, 4], "texture": "#0"},
				"south": {"uv": [4.5, 4, 5, 6], "texture": "#0"},
				"west": {"uv": [4.75, 0, 5.25, 2], "texture": "#0"},
				"up": {"uv": [5, 8, 4.5, 7.5], "texture": "#0"},
				"down": {"uv": [8, 4.5, 7.5, 5], "texture": "#0"}
			}
		},
		{
			"from": [9.54638, 27.07432, 7],
			"to": [15.54638, 29.07432, 9],
			"rotation": {"angle": -30, "axis": "z", "origin": [14.53252, 27.07432, 7]},
			"faces": {
				"north": {"uv": [4, 6, 5.5, 6.5], "texture": "#0"},
				"east": {"uv": [7.5, 5, 8, 5.5], "texture": "#0"},
				"south": {"uv": [6, 4, 7.5, 4.5], "texture": "#0"},
				"west": {"uv": [7.5, 6, 8, 6.5], "texture": "#0"},
				"up": {"uv": [7.5, 5, 6, 4.5], "texture": "#0"},
				"down": {"uv": [7.5, 5, 6, 5.5], "texture": "#0"}
			}
		},
		{
			"from": [7.27517, 29.99403, 7],
			"to": [11.27517, 32, 9.01],
			"rotation": {"angle": -10, "axis": "z", "origin": [7.27517, 31.99403, 7]},
			"faces": {
				"north": {"uv": [6, 5.5, 7, 6], "texture": "#0"},
				"east": {"uv": [6.25, 7.5, 6.75, 8], "texture": "#0"},
				"south": {"uv": [6.25, 1.5, 7.25, 2], "texture": "#0"},
				"west": {"uv": [7.5, 6.5, 8, 7], "texture": "#0"},
				"up": {"uv": [7.5, 6.5, 6.5, 6], "texture": "#0"},
				"down": {"uv": [7.5, 6.5, 6.5, 7], "texture": "#0"}
			}
		},
		{
			"from": [3.53748, 29.83958, 7],
			"to": [7.53748, 31.83958, 9],
			"rotation": {"angle": 10, "axis": "z", "origin": [6.52362, 30.41767, 7]},
			"faces": {
				"north": {"uv": [0, 6.75, 1, 7.25], "texture": "#0"},
				"east": {"uv": [6.75, 7.5, 7.25, 8], "texture": "#0"},
				"south": {"uv": [1, 6.75, 2, 7.25], "texture": "#0"},
				"west": {"uv": [7.25, 7.5, 7.75, 8], "texture": "#0"},
				"up": {"uv": [7.75, 2.5, 6.75, 2], "texture": "#0"},
				"down": {"uv": [7.75, 2.5, 6.75, 3], "texture": "#0"}
			}
		},
		{
			"from": [3.5019, 25.78315, 7],
			"to": [5.5119, 29.78315, 9.01],
			"rotation": {"angle": -40, "axis": "z", "origin": [5.5019, 30.76928, 7]},
			"faces": {
				"north": {"uv": [4.75, 6.5, 5.25, 7.5], "texture": "#0"},
				"east": {"uv": [6.75, 3, 7.25, 4], "texture": "#0"},
				"south": {"uv": [5.25, 6.75, 5.75, 7.75], "texture": "#0"},
				"west": {"uv": [5.75, 6.75, 6.25, 7.75], "texture": "#0"},
				"up": {"uv": [0.5, 8.25, 0, 7.75], "texture": "#0"},
				"down": {"uv": [1, 7.75, 0.5, 8.25], "texture": "#0"}
			}
		},
		{
			"from": [5.73616, 13.45666, 7],
			"to": [9.73616, 15.45666, 9],
			"rotation": {"angle": 0, "axis": "y", "origin": [13.73616, 13.45666, 7]},
			"faces": {
				"north": {"uv": [7, 0.75, 8, 1.25], "texture": "#0"},
				"east": {"uv": [1, 7.75, 1.5, 8.25], "texture": "#0"},
				"south": {"uv": [2, 7, 3, 7.5], "texture": "#0"},
				"west": {"uv": [7.75, 1.25, 8.25, 1.75], "texture": "#0"},
				"up": {"uv": [4, 7.5, 3, 7], "texture": "#0"},
				"down": {"uv": [8, 5.5, 7, 6], "texture": "#0"}
			}
		},
		{
			"from": [1.20026, 11.45666, 7],
			"to": [5.20026, 13.46666, 9.01],
			"rotation": {"angle": -30, "axis": "z", "origin": [9.20026, 11.45666, 7]},
			"faces": {
				"north": {"uv": [6.25, 7, 7.25, 7.5], "texture": "#0"},
				"east": {"uv": [1.5, 7.75, 2, 8.25], "texture": "#0"},
				"south": {"uv": [0, 7.25, 1, 7.75], "texture": "#0"},
				"west": {"uv": [7.75, 1.75, 8.25, 2.25], "texture": "#0"},
				"up": {"uv": [8.25, 0.5, 7.25, 0], "texture": "#0"},
				"down": {"uv": [2, 7.25, 1, 7.75], "texture": "#0"}
			}
		},
		{
			"from": [4, 20.5, 6],
			"to": [8, 24.5, 10],
			"rotation": {"angle": -45, "axis": "z", "origin": [8, 20.5, 6]},
			"faces": {
				"north": {"uv": [4.75, 2, 5.75, 3], "texture": "#0"},
				"east": {"uv": [4.75, 3, 5.75, 4], "texture": "#0"},
				"south": {"uv": [5, 4, 6, 5], "texture": "#0"},
				"west": {"uv": [5, 5, 6, 6], "texture": "#0"},
				"up": {"uv": [6.25, 1, 5.25, 0], "texture": "#0"},
				"down": {"uv": [6.25, 1, 5.25, 2], "texture": "#0"}
			}
		},
		{
			"from": [5.92157, 23.32843, 5.25],
			"to": [9.92157, 27.32843, 9.25],
			"rotation": {"angle": 45, "axis": "x", "origin": [9.92157, 23.32843, 5.25]},
			"faces": {
				"north": {"uv": [0, 5.75, 1, 6.75], "texture": "#0"},
				"east": {"uv": [1, 5.75, 2, 6.75], "texture": "#0"},
				"south": {"uv": [5.75, 2, 6.75, 3], "texture": "#0"},
				"west": {"uv": [5.75, 3, 6.75, 4], "texture": "#0"},
				"up": {"uv": [3, 7, 2, 6], "texture": "#0"},
				"down": {"uv": [4, 6, 3, 7], "texture": "#0"}
			}
		},
		{
			"from": [3.92157, 21.32843, 5.09315],
			"to": [7.92157, 25.32843, 9.09315],
			"rotation": {"angle": 45, "axis": "y", "origin": [7.92157, 21.32843, 5.09315]},
			"faces": {
				"north": {"uv": [4.75, 2, 5.75, 3], "texture": "#0"},
				"east": {"uv": [4.75, 3, 5.75, 4], "texture": "#0"},
				"south": {"uv": [5, 4, 6, 5], "texture": "#0"},
				"west": {"uv": [5, 5, 6, 6], "texture": "#0"},
				"up": {"uv": [6.25, 1, 5.25, 0], "texture": "#0"},
				"down": {"uv": [6.25, 1, 5.25, 2], "texture": "#0"}
			}
		},
		{
			"from": [8.25, 12.5, 6.5],
			"to": [11.75, 13.5, 9.5],
			"rotation": {"angle": 0, "axis": "y", "origin": [8.25, 12.5, 6.5]},
			"faces": {
				"north": {"uv": [7.25, 0.5, 8.25, 0.75], "texture": "#0"},
				"east": {"uv": [8, 0.75, 8.75, 1], "texture": "#0"},
				"south": {"uv": [7.75, 2.25, 8.75, 2.5], "texture": "#0"},
				"west": {"uv": [8, 1, 8.75, 1.25], "texture": "#0"},
				"up": {"uv": [6.5, 6.75, 5.5, 6], "texture": "#0"},
				"down": {"uv": [7.25, 0, 6.25, 0.75], "texture": "#0"}
			}
		},
		{
			"from": [6.05275, 0.46956, 6.75],
			"to": [8.55275, 7.46956, 9.25],
			"rotation": {"angle": -5, "axis": "z", "origin": [6.05275, 0.46956, 6.75]},
			"faces": {
				"north": {"uv": [0, 0, 0.75, 1.75], "texture": "#0"},
				"east": {"uv": [0.75, 0, 1.5, 1.75], "texture": "#0"},
				"south": {"uv": [1.5, 0, 2.25, 1.75], "texture": "#0"},
				"west": {"uv": [0, 1.75, 0.75, 3.5], "texture": "#0"},
				"up": {"uv": [7, 1.5, 6.25, 0.75], "texture": "#0"},
				"down": {"uv": [4.75, 6.5, 4, 7.25], "texture": "#0"}
			}
		}
	],
	"display": {
		"thirdperson_righthand": {
			"rotation": [0, -90, 0],
			"translation": [0, 2, 0],
			"scale": [0.72, 0.72, 0.72]
		},
		"thirdperson_lefthand": {
			"rotation": [0, 90, 0],
			"translation": [0, 2, 0],
			"scale": [0.72, 0.72, 0.72]
		},
		"firstperson_righthand": {
			"rotation": [-15, -90, 0],
			"translation": [0, -0.25, 2.25],
			"scale": [0.58, 0.58, 0.58]
		},
		"firstperson_lefthand": {
			"rotation": [-15, 90, 0],
			"translation": [0, -0.25, 2.25],
			"scale": [0.58, 0.58, 0.58]
		},
		"ground": {
			"rotation": [90, 0, 90],
			"translation": [-4.25, 0, 0.75]
		},
		"gui": {
			"rotation": [0, 0, 45],
			"translation": [0.75, -0.75, 0],
			"scale": [0.4, 0.4, 0.4]
		},
		"fixed": {
			"rotation": [0, 0, 90],
			"scale": [2.01, 2.01, 2.01]
		},
		"on_shelf": {
			"scale": [0.63, 0.63, 0.63]
		}
	}
}