{
	"format_version": "1.21.11",
	"credit": "Torod00",
	"texture_size": [64, 64],
	"textures": {
		"0": "item/torod_mage_hat",
		"particle": "item/torod_mage_hat"
	},
	"elements": [
		{
			"from": [1, -1, 1],
			"to": [15, 0, 15],
			"rotation": {"angle": 0, "axis": "y", "origin": [2, 0, 2]},
			"faces": {
				"north": {"uv": [7, 5.75, 10.5, 6], "texture": "#0"},
				"east": {"uv": [7, 6, 10.5, 6.25], "texture": "#0"},
				"south": {"uv": [7, 6.25, 10.5, 6.5], "texture": "#0"},
				"west": {"uv": [7, 6.5, 10.5, 6.75], "texture": "#0"},
				"up": {"uv": [3.5, 3.5, 0, 0], "texture": "#0"},
				"down": {"uv": [3.5, 3.5, 0, 7], "texture": "#0"}
			}
		},
		{
			"from": [0.12096, -1.68398, 2],
			"to": [1.12096, -0.68398, 14],
			"rotation": {"angle": 20, "axis": "z", "origin": [-0.87904, -0.68398, 0]},
			"faces": {
				"north": {"uv": [5, 6.5, 5.25, 6.75], "texture": "#0"},
				"east": {"uv": [7.5, 1, 10.5, 1.25], "texture": "#0"},
				"south": {"uv": [5.25, 6.5, 5.5, 6.75], "texture": "#0"},
				"west": {"uv": [7.5, 1.25, 10.5, 1.5], "texture": "#0"},
				"up": {"uv": [3.25, 10, 3, 7], "texture": "#0"},
				"down": {"uv": [3.5, 7, 3.25, 10], "texture": "#0"}
			}
		},
		{
			"from": [15.05997, -0.65792, 2],
			"to": [16.05997, 0.34208, 14],
			"rotation": {"angle": -20, "axis": "z", "origin": [14.05997, 0.34208, 0]},
			"faces": {
				"north": {"uv": [4, 7.75, 4.25, 8], "texture": "#0"},
				"east": {"uv": [7.5, 1.5, 10.5, 1.75], "texture": "#0"},
				"south": {"uv": [4.25, 7.75, 4.5, 8], "texture": "#0"},
				"west": {"uv": [7.5, 1.75, 10.5, 2], "texture": "#0"},
				"up": {"uv": [3.75, 10.75, 3.5, 7.75], "texture": "#0"},
				"down": {"uv": [4, 7.75, 3.75, 10.75], "texture": "#0"}
			}
		},
		{
			"from": [2, -1.68398, 0.12096],
			"to": [14, -0.68398, 1.12096],
			"rotation": {"angle": -20, "axis": "x", "origin": [0, -0.68398, -0.87904]},
			"faces": {
				"north": {"uv": [7.5, 2, 10.5, 2.25], "texture": "#0"},
				"east": {"uv": [4.5, 7.75, 4.75, 8], "texture": "#0"},
				"south": {"uv": [7.5, 2.25, 10.5, 2.5], "texture": "#0"},
				"west": {"uv": [4.75, 7.75, 5, 8], "texture": "#0"},
				"up": {"uv": [11, 2.75, 8, 2.5], "texture": "#0"},
				"down": {"uv": [11, 2.75, 8, 3], "texture": "#0"}
			}
		},
		{
			"from": [2, -0.65792, 15.05997],
			"to": [14, 0.34208, 16.05997],
			"rotation": {"angle": 20, "axis": "x", "origin": [0, 0.34208, 14.05997]},
			"faces": {
				"north": {"uv": [8, 3, 11, 3.25], "texture": "#0"},
				"east": {"uv": [7.75, 8, 8, 8.25], "texture": "#0"},
				"south": {"uv": [8, 3.25, 11, 3.5], "texture": "#0"},
				"west": {"uv": [7.75, 8.25, 8, 8.5], "texture": "#0"},
				"up": {"uv": [11, 3.75, 8, 3.5], "texture": "#0"},
				"down": {"uv": [11, 3.75, 8, 4], "texture": "#0"}
			}
		},
		{
			"from": [15.93935, -1.34196, 4],
			"to": [16.93935, -0.34196, 12],
			"rotation": {"angle": -20, "axis": "z", "origin": [15.93935, -0.34196, 0]},
			"faces": {
				"north": {"uv": [0, 8.5, 0.25, 8.75], "texture": "#0"},
				"east": {"uv": [4, 8, 6.5, 8.25], "texture": "#0"},
				"south": {"uv": [0.25, 8.5, 0.5, 8.75], "texture": "#0"},
				"west": {"uv": [8, 4, 10.5, 4.25], "texture": "#0"},
				"up": {"uv": [6.75, 10.5, 6.5, 8], "texture": "#0"},
				"down": {"uv": [7, 8, 6.75, 10.5], "texture": "#0"}
			}
		},
		{
			"from": [-0.87904, -1.68398, 4],
			"to": [0.12096, -0.68398, 12],
			"rotation": {"angle": 20, "axis": "z", "origin": [-0.87904, -0.68398, 0]},
			"faces": {
				"north": {"uv": [0.5, 8.5, 0.75, 8.75], "texture": "#0"},
				"east": {"uv": [8, 4.25, 10.5, 4.5], "texture": "#0"},
				"south": {"uv": [0.75, 8.5, 1, 8.75], "texture": "#0"},
				"west": {"uv": [8, 4.5, 10.5, 4.75], "texture": "#0"},
				"up": {"uv": [8.25, 9.25, 8, 6.75], "texture": "#0"},
				"down": {"uv": [7.25, 8, 7, 10.5], "texture": "#0"}
			}
		},
		{
			"from": [4, -1.68398, -0.87904],
			"to": [12, -0.68398, 0.12096],
			"rotation": {"angle": -20, "axis": "x", "origin": [0, -0.68398, -0.87904]},
			"faces": {
				"north": {"uv": [8, 4.75, 10.5, 5], "texture": "#0"},
				"east": {"uv": [1, 8.5, 1.25, 8.75], "texture": "#0"},
				"south": {"uv": [8, 5, 10.5, 5.25], "texture": "#0"},
				"west": {"uv": [1.25, 8.5, 1.5, 8.75], "texture": "#0"},
				"up": {"uv": [10.5, 5.5, 8, 5.25], "texture": "#0"},
				"down": {"uv": [10.5, 5.5, 8, 5.75], "texture": "#0"}
			}
		},
		{
			"from": [4, -1.34202, 15.93969],
			"to": [12, -0.34202, 16.93969],
			"rotation": {"angle": 20, "axis": "x", "origin": [0, -0.34202, 15.93969]},
			"faces": {
				"north": {"uv": [0, 8.25, 2.5, 8.5], "texture": "#0"},
				"east": {"uv": [1.5, 8.5, 1.75, 8.75], "texture": "#0"},
				"south": {"uv": [4, 8.25, 6.5, 8.5], "texture": "#0"},
				"west": {"uv": [1.75, 8.5, 2, 8.75], "texture": "#0"},
				"up": {"uv": [10.75, 7, 8.25, 6.75], "texture": "#0"},
				"down": {"uv": [10.75, 7, 8.25, 7.25], "texture": "#0"}
			}
		},
		{
			"from": [4, 0, 4],
			"to": [12, 5, 12],
			"rotation": {"angle": 0, "axis": "y", "origin": [5, 0, 5]},
			"faces": {
				"north": {"uv": [3.5, 4, 5.5, 5.25], "texture": "#0"},
				"east": {"uv": [3.5, 5.25, 5.5, 6.5], "texture": "#0"},
				"south": {"uv": [5.5, 0, 7.5, 1.25], "texture": "#0"},
				"west": {"uv": [5.5, 1.25, 7.5, 2.5], "texture": "#0"},
				"up": {"uv": [5.5, 2, 3.5, 0], "texture": "#0"},
				"down": {"uv": [5.5, 2, 3.5, 4], "texture": "#0"}
			}
		},
		{
			"from": [5, 4.13176, 5.07596],
			"to": [11, 9.13176, 11.07596],
			"rotation": {"angle": -10, "axis": "x", "origin": [6, 4.13176, 6.07596]},
			"faces": {
				"north": {"uv": [5.5, 5.5, 7, 6.75], "texture": "#0"},
				"east": {"uv": [3.5, 6.5, 5, 7.75], "texture": "#0"},
				"south": {"uv": [5, 6.75, 6.5, 8], "texture": "#0"},
				"west": {"uv": [6.5, 6.75, 8, 8], "texture": "#0"},
				"up": {"uv": [7, 4, 5.5, 2.5], "texture": "#0"},
				"down": {"uv": [7, 4, 5.5, 5.5], "texture": "#0"}
			}
		},
		{
			"from": [6, 8.75, 5],
			"to": [10, 13.75, 9],
			"rotation": {"angle": 10, "axis": "x", "origin": [7, 8.75, 6]},
			"faces": {
				"north": {"uv": [0, 7, 1, 8.25], "texture": "#0"},
				"east": {"uv": [1, 7, 2, 8.25], "texture": "#0"},
				"south": {"uv": [2, 7, 3, 8.25], "texture": "#0"},
				"west": {"uv": [7, 2.5, 8, 3.75], "texture": "#0"},
				"up": {"uv": [8, 4.75, 7, 3.75], "texture": "#0"},
				"down": {"uv": [8, 4.75, 7, 5.75], "texture": "#0"}
			}
		},
		{
			"from": [8, 12.5, 7],
			"to": [8, 14.5, 14],
			"rotation": {"angle": 0, "axis": "y", "origin": [8, 12.5, 7]},
			"faces": {
				"north": {"uv": [0, 0, 0, 0.5], "texture": "#0"},
				"east": {"uv": [7.5, 0, 9.25, 0.5], "texture": "#0"},
				"south": {"uv": [0, 0, 0, 0.5], "texture": "#0"},
				"west": {"uv": [7.5, 0.5, 9.25, 1], "texture": "#0"},
				"up": {"uv": [0, 1.75, 0, 0], "texture": "#0"},
				"down": {"uv": [0, 0, 0, 1.75], "texture": "#0"}
			}
		},
		{
			"from": [8, 9.5, 12],
			"to": [8, 12.5, 14],
			"rotation": {"angle": 0, "axis": "y", "origin": [8, 10.5, 7]},
			"faces": {
				"north": {"uv": [0, 0, 0, 0.75], "texture": "#0"},
				"east": {"uv": [7.25, 8, 7.75, 8.75], "texture": "#0"},
				"south": {"uv": [0, 0, 0, 0.75], "texture": "#0"},
				"west": {"uv": [2.5, 8.25, 3, 9], "texture": "#0"},
				"up": {"uv": [0, 0.5, 0, 0], "texture": "#0"},
				"down": {"uv": [0, 0, 0, 0.5], "texture": "#0"}
			}
		},
		{
			"from": [8, 9.5, 14],
			"to": [8, 11.5, 16],
			"rotation": {"angle": 0, "axis": "y", "origin": [8, 10.5, 9]},
			"faces": {
				"north": {"uv": [0, 0, 0, 0.5], "texture": "#0"},
				"east": {"uv": [8.25, 7.75, 8.75, 8.25], "texture": "#0"},
				"south": {"uv": [0, 0, 0, 0.5], "texture": "#0"},
				"west": {"uv": [8.25, 8.25, 8.75, 8.75], "texture": "#0"},
				"up": {"uv": [0, 0.5, 0, 0], "texture": "#0"},
				"down": {"uv": [0, 0, 0, 0.5], "texture": "#0"}
			}
		},
		{
			"from": [8, 11.5, 15],
			"to": [8, 12.5, 16],
			"rotation": {"angle": 0, "axis": "y", "origin": [8, 12.5, 9]},
			"faces": {
				"north": {"uv": [0, 0, 0, 0.25], "texture": "#0"},
				"east": {"uv": [2, 8.5, 2.25, 8.75], "texture": "#0"},
				"south": {"uv": [0, 0, 0, 0.25], "texture": "#0"},
				"west": {"uv": [2.25, 8.5, 2.5, 8.75], "texture": "#0"},
				"up": {"uv": [0, 0.25, 0, 0], "texture": "#0"},
				"down": {"uv": [0, 0, 0, 0.25], "texture": "#0"}
			}
		},
		{
			"from": [8, 14.5, 8],
			"to": [8, 15.5, 13],
			"rotation": {"angle": 0, "axis": "y", "origin": [8, 14.5, 8]},
			"faces": {
				"north": {"uv": [0, 0, 0, 0.25], "texture": "#0"},
				"east": {"uv": [8.25, 7.25, 9.5, 7.5], "texture": "#0"},
				"south": {"uv": [0, 0, 0, 0.25], "texture": "#0"},
				"west": {"uv": [8.25, 7.5, 9.5, 7.75], "texture": "#0"},
				"up": {"uv": [0, 1.25, 0, 0], "texture": "#0"},
				"down": {"uv": [0, 0, 0, 1.25], "texture": "#0"}
			}
		}
	],
	"display": {
		"thirdperson_righthand": {
			"rotation": [-16, 0, 0],
			"translation": [0, 7.5, -4.25],
			"scale": [0.89, 0.89, 0.89]
		},
		"thirdperson_lefthand": {
			"rotation": [-16, 0, 0],
			"translation": [0, 7.5, -4.25],
			"scale": [0.89, 0.89, 0.89]
		},
		"ground": {
			"translation": [0, 6.25, 0],
			"scale": [1.27, 1.27, 1.27]
		},
		"gui": {
			"rotation": [28, 130, 0],
			"translation": [0, 2, 0],
			"scale": [0.73, 0.73, 0.73]
		},
		"head": {
			"rotation": [8, 0, 0],
			"translation": [0, 19.25, 2.75],
			"scale": [1.63, 1.63, 1.63]
		},
		"fixed": {
			"rotation": [-90, 0, 0],
			"translation": [0, 0, -19],
			"scale": [2.37, 2.37, 2.37]
		}
	}
}