{
	"format_version": "1.21.6",
	"credit": "Torod00",
	"texture_size": [32, 32],
	"textures": {
		"1": "zoro_sword"
	},
	"elements": [
		{
			"from": [7, 0, 7],
			"to": [9, 9, 9],
			"rotation": {"angle": 0, "axis": "y", "origin": [7, 1, 7]},
			"faces": {
				"north": {"uv": [2, 0, 3, 4.5], "texture": "#1"},
				"east": {"uv": [3, 0, 4, 4.5], "texture": "#1"},
				"south": {"uv": [4, 0, 5, 4.5], "texture": "#1"},
				"west": {"uv": [2, 4.5, 3, 9], "texture": "#1"},
				"up": {"uv": [9.5, 2.5, 8.5, 1.5], "texture": "#1"},
				"down": {"uv": [9.5, 2.5, 8.5, 3.5], "texture": "#1"}
			}
		},
		{
			"from": [6.75, 8.99, 5.5],
			"to": [9.25, 10, 10.5],
			"rotation": {"angle": 0, "axis": "y", "origin": [6.75, 9, 5.5]},
			"faces": {
				"north": {"uv": [8.5, 4.5, 10, 5], "texture": "#1"},
				"east": {"uv": [7, 8, 9.5, 8.5], "texture": "#1"},
				"south": {"uv": [5, 9, 6.5, 9.5], "texture": "#1"},
				"west": {"uv": [8.5, 0, 11, 0.5], "texture": "#1"},
				"up": {"uv": [8.5, 2.5, 7, 0], "texture": "#1"},
				"down": {"uv": [8.5, 2.5, 7, 5], "texture": "#1"}
			}
		},
		{
			"from": [5.5, 8.99, 6.75],
			"to": [10.5, 9.99, 9.25],
			"rotation": {"angle": 0, "axis": "y", "origin": [10.5, 9, 6.75]},
			"faces": {
				"north": {"uv": [8.5, 0.5, 11, 1], "texture": "#1"},
				"east": {"uv": [9, 8.5, 10.5, 9], "texture": "#1"},
				"south": {"uv": [8.5, 1, 11, 1.5], "texture": "#1"},
				"west": {"uv": [9, 9, 10.5, 9.5], "texture": "#1"},
				"up": {"uv": [9.5, 6.5, 7, 5], "texture": "#1"},
				"down": {"uv": [9.5, 6.5, 7, 8], "texture": "#1"}
			}
		},
		{
			"from": [7.5, 10, 8],
			"to": [8.5, 30, 9],
			"rotation": {"angle": 0, "axis": "y", "origin": [7.5, 10, 8]},
			"faces": {
				"north": {"uv": [0, 0, 0.5, 10], "texture": "#1"},
				"east": {"uv": [0.5, 0, 1, 10], "texture": "#1"},
				"south": {"uv": [1, 0, 1.5, 10], "texture": "#1"},
				"west": {"uv": [1.5, 0, 2, 10], "texture": "#1"},
				"up": {"uv": [7, 10.5, 6.5, 10], "texture": "#1"},
				"down": {"uv": [8.5, 10.5, 8, 11], "texture": "#1"}
			}
		},
		{
			"from": [7.75, 10, 6.75],
			"to": [8.25, 28, 7.5],
			"rotation": {"angle": 0, "axis": "y", "origin": [7.75, 10, 6.75]},
			"faces": {
				"north": {"uv": [3, 4.5, 3.5, 13.5], "texture": "#1"},
				"east": {"uv": [3.5, 4.5, 4, 13.5], "texture": "#1"},
				"south": {"uv": [4, 4.5, 4.5, 13.5], "texture": "#1"},
				"west": {"uv": [4.5, 4.5, 5, 13.5], "texture": "#1"},
				"up": {"uv": [9, 11, 8.5, 10.5], "texture": "#1"},
				"down": {"uv": [11, 8.5, 10.5, 9], "texture": "#1"}
			}
		},
		{
			"from": [7.75, 10, 7.5],
			"to": [8.25, 28, 8],
			"rotation": {"angle": 0, "axis": "y", "origin": [7.75, 10, 7.5]},
			"faces": {
				"north": {"uv": [5, 0, 5.5, 9], "texture": "#1"},
				"east": {"uv": [5.5, 0, 6, 9], "texture": "#1"},
				"south": {"uv": [6, 0, 6.5, 9], "texture": "#1"},
				"west": {"uv": [6.5, 0, 7, 9], "texture": "#1"},
				"up": {"uv": [9.5, 11, 9, 10.5], "texture": "#1"},
				"down": {"uv": [11, 9, 10.5, 9.5], "texture": "#1"}
			}
		},
		{
			"from": [7.5, 10, 6.5],
			"to": [8.5, 11, 8],
			"rotation": {"angle": 0, "axis": "y", "origin": [7.5, 10, 6.5]},
			"faces": {
				"north": {"uv": [9.5, 10.5, 10, 11], "texture": "#1"},
				"east": {"uv": [9.5, 1.5, 10.5, 2], "texture": "#1"},
				"south": {"uv": [10, 10.5, 10.5, 11], "texture": "#1"},
				"west": {"uv": [9.5, 2, 10.5, 2.5], "texture": "#1"},
				"up": {"uv": [7, 10, 6.5, 9], "texture": "#1"},
				"down": {"uv": [10, 2.5, 9.5, 3.5], "texture": "#1"}
			}
		},
		{
			"from": [7.25, 10, 8],
			"to": [8.75, 11, 9.25],
			"rotation": {"angle": 0, "axis": "y", "origin": [7.25, 10, 8]},
			"faces": {
				"north": {"uv": [9.5, 3.5, 10.5, 4], "texture": "#1"},
				"east": {"uv": [10.5, 10.5, 11, 11], "texture": "#1"},
				"south": {"uv": [9.5, 4, 10.5, 4.5], "texture": "#1"},
				"west": {"uv": [0, 11, 0.5, 11.5], "texture": "#1"},
				"up": {"uv": [6, 10, 5, 9.5], "texture": "#1"},
				"down": {"uv": [10.5, 5, 9.5, 5.5], "texture": "#1"}
			}
		},
		{
			"from": [7.75, 28, 7.75],
			"to": [8.25, 30, 8],
			"rotation": {"angle": 0, "axis": "y", "origin": [7.75, 28, 7.75]},
			"faces": {
				"north": {"uv": [9.5, 5.5, 10, 6.5], "texture": "#1"},
				"east": {"uv": [6, 9.5, 6.5, 10.5], "texture": "#1"},
				"south": {"uv": [9.5, 6.5, 10, 7.5], "texture": "#1"},
				"west": {"uv": [7, 9.5, 7.5, 10.5], "texture": "#1"},
				"up": {"uv": [11.5, 0.5, 11, 0], "texture": "#1"},
				"down": {"uv": [1, 11, 0.5, 11.5], "texture": "#1"}
			}
		},
		{
			"from": [7.75, 28, 7.25],
			"to": [8.25, 30, 7.75],
			"rotation": {"angle": 0, "axis": "y", "origin": [7.75, 28, 7.25]},
			"faces": {
				"north": {"uv": [7.5, 9.5, 8, 10.5], "texture": "#1"},
				"east": {"uv": [9.5, 7.5, 10, 8.5], "texture": "#1"},
				"south": {"uv": [8, 9.5, 8.5, 10.5], "texture": "#1"},
				"west": {"uv": [8.5, 9.5, 9, 10.5], "texture": "#1"},
				"up": {"uv": [11.5, 1, 11, 0.5], "texture": "#1"},
				"down": {"uv": [1.5, 11, 1, 11.5], "texture": "#1"}
			}
		},
		{
			"from": [7.75, 30, 8],
			"to": [8.25, 32, 8.75],
			"rotation": {"angle": 0, "axis": "y", "origin": [7.75, 30, 8]},
			"faces": {
				"north": {"uv": [9, 9.5, 9.5, 10.5], "texture": "#1"},
				"east": {"uv": [9.5, 9.5, 10, 10.5], "texture": "#1"},
				"south": {"uv": [0, 10, 0.5, 11], "texture": "#1"},
				"west": {"uv": [0.5, 10, 1, 11], "texture": "#1"},
				"up": {"uv": [11.5, 1.5, 11, 1], "texture": "#1"},
				"down": {"uv": [2, 11, 1.5, 11.5], "texture": "#1"}
			}
		},
		{
			"from": [6.99, 1.25, 7],
			"to": [9.01, 2.25, 8],
			"rotation": {"angle": 45, "axis": "x", "origin": [7, 1.25, 8]},
			"faces": {
				"north": {"uv": [1, 10, 2, 10.5], "texture": "#1"},
				"east": {"uv": [2, 11, 2.5, 11.5], "texture": "#1"},
				"south": {"uv": [2, 10, 3, 10.5], "texture": "#1"},
				"west": {"uv": [2.5, 11, 3, 11.5], "texture": "#1"},
				"up": {"uv": [11, 3, 10, 2.5], "texture": "#1"},
				"down": {"uv": [11, 3, 10, 3.5], "texture": "#1"}
			}
		},
		{
			"from": [6.99, 3, 7],
			"to": [9.01, 4, 8],
			"rotation": {"angle": 45, "axis": "x", "origin": [7, 3, 8]},
			"faces": {
				"north": {"uv": [10, 4.5, 11, 5], "texture": "#1"},
				"east": {"uv": [11, 2.5, 11.5, 3], "texture": "#1"},
				"south": {"uv": [5, 10, 6, 10.5], "texture": "#1"},
				"west": {"uv": [11, 3, 11.5, 3.5], "texture": "#1"},
				"up": {"uv": [11, 6, 10, 5.5], "texture": "#1"},
				"down": {"uv": [11, 6, 10, 6.5], "texture": "#1"}
			}
		},
		{
			"from": [6.99, 5.75, 7],
			"to": [9.01, 6.75, 8],
			"rotation": {"angle": 45, "axis": "x", "origin": [7, 5.75, 8]},
			"faces": {
				"north": {"uv": [10, 6.5, 11, 7], "texture": "#1"},
				"east": {"uv": [11, 4.5, 11.5, 5], "texture": "#1"},
				"south": {"uv": [10, 7, 11, 7.5], "texture": "#1"},
				"west": {"uv": [5, 11, 5.5, 11.5], "texture": "#1"},
				"up": {"uv": [11, 8, 10, 7.5], "texture": "#1"},
				"down": {"uv": [11, 8, 10, 8.5], "texture": "#1"}
			}
		},
		{
			"from": [6.99, 7.5, 7],
			"to": [9.01, 8.5, 8],
			"rotation": {"angle": 45, "axis": "x", "origin": [7, 7.5, 8]},
			"faces": {
				"north": {"uv": [10, 9.5, 11, 10], "texture": "#1"},
				"east": {"uv": [5.5, 11, 6, 11.5], "texture": "#1"},
				"south": {"uv": [10, 10, 11, 10.5], "texture": "#1"},
				"west": {"uv": [11, 5.5, 11.5, 6], "texture": "#1"},
				"up": {"uv": [2, 11, 1, 10.5], "texture": "#1"},
				"down": {"uv": [11.5, 1.5, 10.5, 2], "texture": "#1"}
			}
		},
		{
			"from": [6.99, 4.5, 6.99],
			"to": [9.01, 5.5, 9.01],
			"rotation": {"angle": 0, "axis": "y", "origin": [7, 4.5, 7]},
			"faces": {
				"north": {"uv": [2, 10.5, 3, 11], "texture": "#1"},
				"east": {"uv": [10.5, 2, 11.5, 2.5], "texture": "#1"},
				"south": {"uv": [10.5, 3.5, 11.5, 4], "texture": "#1"},
				"west": {"uv": [10.5, 4, 11.5, 4.5], "texture": "#1"},
				"up": {"uv": [9.5, 4.5, 8.5, 3.5], "texture": "#1"},
				"down": {"uv": [8, 8.5, 7, 9.5], "texture": "#1"}
			}
		},
		{
			"from": [6.99, -0.01, 6.99],
			"to": [9.01, 1, 9.01],
			"rotation": {"angle": 0, "axis": "y", "origin": [7, 0, 7]},
			"faces": {
				"north": {"uv": [5, 10.5, 6, 11], "texture": "#1"},
				"east": {"uv": [10.5, 5, 11.5, 5.5], "texture": "#1"},
				"south": {"uv": [6, 10.5, 7, 11], "texture": "#1"},
				"west": {"uv": [7, 10.5, 8, 11], "texture": "#1"},
				"up": {"uv": [9, 9.5, 8, 8.5], "texture": "#1"},
				"down": {"uv": [3, 9, 2, 10], "texture": "#1"}
			}
		}
	],
	"display": {
		"thirdperson_righthand": {
			"translation": [0, 1.25, 0]
		},
		"thirdperson_lefthand": {
			"translation": [0, 1.25, 0]
		},
		"firstperson_righthand": {
			"rotation": [-16, 0, 0]
		},
		"firstperson_lefthand": {
			"rotation": [-16, 0, 0]
		},
		"ground": {
			"rotation": [-90, 0, -90],
			"translation": [0, 0, 1]
		},
		"gui": {
			"rotation": [-71, 42, 82],
			"translation": [2.5, -2.75, 0],
			"scale": [0.53, 0.53, 0.53]
		},
		"head": {
			"rotation": [0, 0, -90],
			"translation": [2.75, -4.75, -7]
		},
		"fixed": {
			"rotation": [90, 0, 0],
			"translation": [-1, 1.25, -18.5]
		}
	}
}